{"songLength":212.61598639455784,"songProgress":145.80000000000027,"song":36}