{"songLength":182.13733333333334,"songProgress":8.000000000000004,"song":0}