{"songLength":390.0009166666667,"songProgress":162.7999999999993,"song":48}